iter	Logloss
0	0.633655142
1	0.5721395947
2	0.5059341779
3	0.4500698471
