iter	Logloss
0	0.6843123889
1	0.6755297339
2	0.6670852504
3	0.6595318647
