iter	Logloss
0	0.590051395
1	0.5284561412
2	0.4655778436
3	0.4252396022
