iter	Logloss
0	0.6828239331
1	0.6729537383
2	0.6652064491
3	0.6592318996
