iter	Logloss
0	0.629676969
1	0.5704664768
2	0.5122034834
3	0.4519380659
