iter	Logloss
0	0.6455892917
1	0.6064752096
2	0.5758673095
3	0.5450533494
