iter	Logloss
0	0.6805517733
1	0.6679103351
2	0.6579375701
3	0.64938121
