iter	Logloss
0	0.6428545893
1	0.6053034693
2	0.5746194428
3	0.5437764477
