iter	Logloss
0	0.5976314288
1	0.5061632352
2	0.4560427566
3	0.4105036869
