iter	Logloss
0	0.6475556982
1	0.607954598
2	0.5761332605
3	0.5404498608
