iter	Logloss
0	0.6211040283
1	0.5499516062
2	0.4931366142
3	0.442406365
