iter	Logloss
0	0.6034251335
1	0.5258904294
2	0.4605580016
3	0.4124782073
