iter	Logloss
0	0.6131909996
1	0.532428244
2	0.4665752851
3	0.4175978067
